<?xml version="1.0" encoding="utf-8"?>
<Korisnici>
    <Korisnik>
        <id>1</id>
        <ime_korisnika>Matija</ime_korisnika>
        <prezime_korisnika>Đurekovec</prezime_korisnika>
        <email_korisnika>mdurekove@tvz.hr</email_korisnika>
        <username_korisnika>matija1233</username_korisnika>
        <sifra_korisnika>admin</sifra_korisnika>
    </Korisnik>
    <Korisnik>
        <id>2</id>
        <ime_korisnika>Ana</ime_korisnika>
        <prezime_korisnika>Hrvat</prezime_korisnika>
        <email_korisnika>anahrvat@tvz.hr</email_korisnika>
        <username_korisnika>Hrvatica</username_korisnika>
        <sifra_korisnika>12345</sifra_korisnika>
    </Korisnik>
    <Korisnik>
        <id>3</id>
        <ime_korisnika>Pero</ime_korisnika>
        <prezime_korisnika>Peric</prezime_korisnika>
        <email_korisnika>perko@net.hr</email_korisnika>
        <username_korisnika>Perica</username_korisnika>
        <sifra_korisnika>peric123</sifra_korisnika>
    </Korisnik>
<Korisnik><id>4</id><ime_korisnika>Ivko</ime_korisnika><prezime_korisnika>Ivić</prezime_korisnika><email_korisnika>ivic@tvz.hr</email_korisnika><username_korisnika>ivic123</username_korisnika><sifra_korisnika>123</sifra_korisnika></Korisnik></Korisnici>
